Gender,Age,Type_of_Travel,Class,Inflight_wifi_service,Arrival_time_convenient,Ease_of_Online_booking,Gate_location,Food_and_drink,boarding_process,Seat_comfort,Onboard_service,Leg_room,Baggage_handling,Checkin_service,Cleanliness,Minutes_delay_departing,Minutes_delay_arriving,Next_Flight_Distance
0,63,1,1,5,5,5,2,5,5,5,2,4,3,1,1,3,0,4983
0,13,1,0,5,5,5,1,5,1,5,4,5,5,1,1,3,0,4963
1,21,1,0,5,2,5,4,5,1,5,4,1,4,2,5,20,1,3365
1,42,0,0,5,3,5,3,5,5,5,5,5,5,3,3,0,0,2724
1,17,1,1,2,4,5,4,5,2,2,3,4,5,2,2,0,7,2717
1,15,0,0,1, ,1,4,5,1,5,5,3,5,5,1,0,0,2704
0,40,0,0,4,1,1,1,5,4,4,4,5,2,4,4,0,0,2611
1,25,1,0,5,2,5,3,5,1,2,4,3,3,1,2,0,0,2607
0,43,1,0,4,5,5,1,5,5,5,4,5,5,5,5,0,0,2588
0,17,1,0,5,4,5,1,5,4,4,5,5,5,4,4,0,1,2586
0,13,0,0,2,1,5,2,5,1,4,4,4,1,3,4,5,0,2586
1,52,0,1,2,1,5,2,5,2,5,1,5,1,2,3,0,0,2586
0,67,1,0,5,4,5,3,5,1,5,1,4,4,1,1,32,2,2565
0,32,1,0,4,4,5,3,5,5,5,4,3,5,5,5,0,0,2565
1,64,0,0,4,3,5,3,5,3,4,2, ,2,2,3,0,0,2556
0,53,1,1,2,3,5,3,5,4,4,3,5,3,3,1,0,3,2521
1,55,1,0,5,1,5,2,5,1,5,1,1,2,1,1,0,0,2521
0,33,1,0,3,2,3,4,5,3,3,1,4,4,3,3,65,72,2496
1,40,1,0, ,4,1,4,5,3,4,3,3,3,4,4,0,5,2486
0,49,0,0,2,2,1,4,4,1,3,1,5,4,4,2,0,0,2486
1,19,0,0,2,4,5,3,4,1,5,3,3,4,1,2,19,1,2486
0,50,1,0,1,5,1,3,2,1,4,4,5,4,5,4,0,0,2475
1,53,0,1,2,5,4,1,5,4,5,4,5,5,3,1,0,0,2475
1,35,1,0,2,1,5,3,5,4,4,2,3,4,4,4,0,0,2475
0,26,0,0,2,2,5,4,4,1,5,3,1,3,2,2,0,0,2475
1,66,1,0,5,4,5,5,4,5,5,5,5,5,4,5,0,0,2466
1,49,1,0,2,1,5,4,5,2,4,2,5,2,3,2,9,1,2465
0,47,1,0,4,4,2,2,5,2,3,5,2,4,4,3,0,0,2442
1,13,0,0, ,2,5,3,5,1,5,1,2,1,1,3,0,0,2422
0,61,1,0,5,5,5,4,2,1,4,5,5,3,3,4,2,1,2419
1,41,1,1,5,4,5,4,4,1,5,1,2,3,4,2,0,0,2404
1,23,0,0,4,5,1,4,5,1,5,5,5,4,3,1,0,0,2402
0,20,1,0,4,2, ,3,5,5,5,5,3,3,5,5,0,0,2402
1,64,0,0,4,2,5,3,5,3,3,2,4,4,3,3,0,0,2402
1,34,0,0,5, ,5,4,4,1,2,3,2,5,2,2,0,0,2402
1,50,1,0,2,4,1,3,1,4,5,3,1,3,4,4,0,0,2399
1,38,0,0,3,4,3,3,3,3,3,5,5,5,3,3,185,186,2399
1,33,1,0,2,4,5,3,5,1,5,3,5,4,5,1,0,0,2381
0,39,0,0, ,4, , ,5,1,5,4,2,4,3,2,32,18,2370
1,9,0,0,2,4,4,4,4,1,5,4,5,3,5,2,0,0,2342
1,33,1,0,5,1,1,2,4,1,5,3,5,3,4,2,0,0,2338
1,15,1,0,2,4,5,3,2,1,5,2,3,3,2,4,0,5,2338
1,69,1,0,5,5,5,3,1,4,4,5, ,5,2,3,9,1,2327
1,55,1,0,5,5,5,1,3,5,5,5,5,3,3,3,0,0,2327
0,69,0,0,2, ,5,1,5,1,5,5,2,3,4,1,6,2,2300
1,52,0,0,5,4,5,2, ,3,5,5, ,5,3,5,0,0,2300
0,12,0,0,4,5,5,1, ,1,5,2,4,5,1,1,0,3,2296
0,41,1,0,4,2,5,3,5,1,4,3,5,3,1,4,0,0,2288
1,38,1,0,5,5,5,3,3,1,3,4,5,5,3,3,3,0,2248
1,52,0,0,5,5,1,3,5,5,4,3,1,3,5,3,0,0,2239
1,32,0,0,5,5,5,2,1,5,5,3,5,4,5,5,0,0,2239
1,21,0,0,2,2,2,1,5,2,5,2,4,2,1,1,0,1,2182
0,37,0,0,5,5,5,3,1,1,5,4,2,1,1,5,9,17,2182
1,10,0,1,2,3,5,5,3,1,3,3,3,1,4,3,1,0,2176
1,8,0,1,5,4,5,4,2,1,4,4,1,5,3,4,0,0,2176
1,10,0,1,2,2,2,2,2,2,4,1,1,2,2,4,0,0,2174
1,8,0,0,5,1,5,4,2,1,4,2,1,3,3,4,1,0,2174
1,51,0,0,5,5,5,1,5,3,5,5,5,3,4,3,10,6,2165
1,30,0,0,4,4,5,1,5,1,4,3,5,5,4,4,5,2,2153
1,46,0,0,4,4,5,1,5,5,4,1,5,1,5,3,0,0,2153
1,45,0,0,5,4,5,1,5,5,5,1,5,1,5,4,0,0,2139
0,10,0,1,5,2,5,3,2,1,4,1,4,3,1,4,1,0,2136
0,12,0,1,5,4,3,3,1,3,5,1,1,3,3,5,87,84,2125
1,21,0,0,3,2,5,3,1,2,5,3,1,3,2,5,27,8,1990
0,54,1,0,3,3,5,4,4,1,2,3,3,3,2,2,0,0,1990
1,54,0,0,3,5,3,1,5,3,1,4,2,1,2,1,41,41,1986
1,38,0,0,2,4,5,5,3,1,3,2,5,4,4,3,14,28,1979
1,51,0,0,4,4,5,3,1,3,3,4,5,4,1,2,8,1,1979
0,62,0,0,4,5,5,4,4,1,2,5,5,5,3,2,5,4,1947
0,12,0,0,4,4,5,5,5,1,1,5,3,5,4,1,25,18,1947
1,10,0,0,5,4,5,3,3,1,4,2,1,4,2,3,7,2,1892
0,64,1,0,5,5,5,2,2,5,4,1,3,2,3,4,0,0,1874
1,25,1,0,5,5,5,4,5,1,2,2,4,5,3,2,0,0,1874
1,24,1,0,5,5,2,3,5,2,1,4,3,5,3,1,0,0,1846
0,37,1,0,2,4,5,3,3,1,2,4,4,5,2,3,8,1,1846
1,61,0,0,5,3,5,4,5,3,3,4,5,3,2,3,0,0,1846
1,65,0,0,4,4,5,2,5,4,1,2,5,2,5,2,0,0,1846
1,33,0,0,4,5,5,4,5,1,2,3,5,4,4,2,1,4,1844
1,54,0,0,5,3,5,4,1,4,1,5,5,5,5,3,64,50,1844
1,51,0,1,5,4,5,5,5,5,5,5,5,2,4,3,4,0,1838
0,54,0,0,5,2,5,3,2,1,4,1,5,3,4,4,0,0,1810
1,35,0,0,5,4,5,3,5,5,2,4,5,4,4,2,9,1,1797
1,37,0,0,5,1,1,4,4,1,2,2,5,3,3,2,5,4,1773
0,62,0,0,2,1,5,3,1,1,5,4,1,2,2,5,34,19,1773
1,28,0,0,5,1,5,2,5,1,3,2,5,2,3,3,0,0,1771
1,40,0,0,4,1,5,4,5,1,1,3,1,4,2,1,0,0,1754
1,34,1,0,4,4,5,4,5,1,2,3,1,4,3,2,0,0,1754
1,59,0,0,4,5,4,3,5,4,2,1,5,2,3,2,5,2,1749
1,21,0,0,4,1,5,3,5,1,2,2,2,2,2,2,4,0,1747
0,51,0,0,2, ,1,4,5,1,1,5,3,5,4,1,20,22,1746
1,9,0,0,5,1,5,2,5,1,5,1,1,1,3,3,0,0,1746
1,42,1,1,5,3,5,3,1,3,4,4,5,4,3,3,10,0,1744
0,27,0,0,5,5,5,2,5,1,4,3,3,5,4,4,0,0,1744
1,28,1,0,5,4,5,3,5,1,4,5,5,3,4,1,0,0,1739
1,9,1,0,5,5,1,3,1,1,5,3,2,4,4,5,7,1,1737
1,50,1,0,2,5,2,2,3,2,3,2,5,2,4,3,0,0,1726
1,33,0,0,5,1,5,4,5,1,1,4,4,4,2,1,0,0,1723
0,61,1,0,5,3,5,2,5,5,4,4,4,1,4,4,0,0,1721
1,53,0,0,5,4,5,4,2,5,5,3,5,5,5,5,84,86,1721
0,25,0, ,5,5,5,4,4,5,2,2,3,4,1,2,29,27,1694
1,22,0,0,5, ,5,3,5,1,3,2,3,1,3,3,12,5,1671
0,27,1,0,5,4,5,2,1,1,5,1,2,3,3,5,14,8,1635
1,64,1,0,5,5,5,3,2,5,4,2,5,2,3,3,0,0,1635
1,62,0,0,5,5,5,3,5,3,4,1,5,5,3,4,0,0,1626
0,68,1,0,2,5, ,1,1,1,5,5,5,5,4,5,0,0,1620
1,48,0,0,5,4,5,4,5,3,4,2,5,2,4,3,0,0,1619
1,20,1,0,5,1,4,3,4,1,2,2,3,3,4,2,0,0,1617
1,29,1,0,5,5,4,1,5,1,4,5,3,4,4,4,11,5,1609
0,51,0,0,5,5,4,2, ,1,1,3,2,3,3,3,1,1,1598
1,51,0,0,5, ,5,3,5,4,5,5,5,5,4,4,0,3,1598
1,30,0,0,5,5,4,3,3,1,3,4,3,4,3,3,16,1,1598
1,26,0,0,2,5,4,3,5,1,4,1,4,4,2,4,0,0,1598
0,61,0,0,5,5,5,2,2,1,4,3,3,4,4,4,0,0,1598
0,28,1,0,5,5,2,1,5,2,1,4,4,4,3,1,0,0,1597
0,30,1,0, ,5,5,4,5,1,1,4,1,2,2,1,0,0,1597
0,24,0,0,5,5,5,1,5,1,3,4,2,5,5,3,93,86,1592
1,46,0,0,5,2,5,3,3,3,3,4,5,4,4,1,5,0,1587
1,62,0,0,5,4,5,3,4,3,4,3,5,2,1,4,0,0,1576
1,13,0,0,4,5,1,2,2,1,4,5,2,3,4,4,0,0,1562
1,70, ,0,4,1,2,2,2,2,4,2,2,1,3,4,0,0,1562
0,12,0,0,2,4,5,1,4,1,2,1,4,5,3,2,12,0,1562
1,26,0,0,4,4,2,2,5,2,2,3,5,5,3,3,15,1,1547
1,57,0,0,4,4,5,1,3,4,4,1,5,1,4,3,3,3,1547
0,23,0,0,4,4,5,3,2,1,4,3,3,4,5,4,0,0,1547
0,36,1,1,4,2,5,4,4,1,2,2,2,2,4,2,0,0,1533
0,35,0,1,4,5,4,2,3,4,3,4,2,3,5,3,0,0,1532
1,13,0,0,2, ,1,3,5,1,2,4,5,4,5,2,0,0,1521
1,20,0,0,5,1,5,3,2,1,3,1,2,3,1,4,0,0,1521
1,64,0,0,5,5,5,4,5,1,2,1,5,1,1,4,0,0,1521
1,20,0,0,5,5,2,1,1,2,5,5,3,4,3,5,0,0,1504
0,18,1,0,5,4,5,1,5,1,3,3,2,5,3,3,0,0,1504
1,36,0,0,2,4,5,3,2,1,4,5,4,5,5,4,0,0,1501
0,41,0,1,5,4,5,2,3,4,3,5,4,1,5,3,0,2,1500
0,23,1,0,5,4,5,2,4,1,2,4,5,5,3,2,6,2,1499
0,19,0,0,5,5,3,1,5,3,2,3,4,5,4,1,27,2,1491
1,55,0,0,5,5,5,3,3,4,5,2,5,2,4,3,0,0,1481
1,70,1,0,5,5,4,2,1,4,2,3,3,3,3,5,15,11,1464
1,28,0,0,2,4,1,1,5,1,3,3,2,3,5,1,14,12,1460
0,12,1,0,5,3,5,1,5,1,3,3,2,4,2,3,14,1,1452
1,48,1,0,5,1,5,3,3,3,2,2,1,2,4,2,0,2,1448
0,55,1,0,4,3,5,4,3,1,3,3,5,3,2,3,0,0,1448
0,43,1,0,4,4,5,3,5,1,3,3,3,1,3,3,0,0,1448
1,43,0,0,4, ,5,2,1,5,3,3,5,3,5,4,13,2,1444
0,27,1,0,4,5,5,4,2,1,4,3,4,5,4,4,3,0,1440
1,48,0,0,4,5,5,3,3,4,4,4,5,2,5,3,8,1,1438
1,70,0,0,4,4,5,3,3,5,4,1,5,1,4,5,11,0,1438
0,47,0,1,4,4,5,3,5,5,4,1,5,1,4,3,0,0,1437
0,16,0,0,1,5,5,1,5,1,1,5,2,4,4,1,0,0,1431
0,20,1,0,4,2,4,4,3,4,3,1,2,3,3,3,0,0,1416
1,27,1,0,1,2,5,3,5,1,1,1,1,2,3,1,0,0,1416
0,19,1,0,4,3,5,3,2,1,4,2,2,4,3,4,0,0,1416
1,44,0,0,1,5,5,2,3,5,5,2,5,2,2,5,0,0,1411
1,59,1,0,4,5,2,3,1,2,1,5,2,4,4,5,31,2,1400
0,44,1,0,5,3,5,2,5,1,1,5,5,1,2,1,7,2,1400
1,10,1,0,5,1,5,3,5,1,4,4,3,3,1,4,0,0,1400
1,27,0,0,5,3,5,2,2,1,4,1,2,2,4,4,0,2,1399
1,27,1,1,5,5,5,4,1,1,5,5,2,4,4,5,1,0,1399
1,48,0,0,5,4,5,4,4,2,2,3,5,3,4,1,0,0,1389
0,49,1,0,1,4,4,3,2,4,4,3,4,3,3,4,2,1,1379
1,34,1,0,5,4,5,3,5,1,3,5,5,3,4,4,17,1,1379
1,7,0,0,4,4,5,4,5,1,1,3,2,5,3,1,0,0,1372
0,8,0,0,4,1,5,4,3,1,3,3,5,2,4,3,0,0,1355
0,67,0,0,4,2,5,3,4,1,2,4,3,3,3,2,0,0,1355
0,58,1,0,4,2,5,3,4,1,2,1,3,2,3,2,10,0,1346
0,55,0,0,4,4,1,4,2,1,3,1,2,4,2,4,0,0,1340
0,49,0,0,4,2,5,4,4,1,3,4,1,4,3,2,0,15,1337
1,69,1,0,1,4,5,3,2,5,3,5,4,4,3,4,4,0,1334
0,22,1,0,4,5,4,5,1,1,5,5,2,4,5,5,0,0,1334
1,11,1,0,4,5,5,2,4,5,2,3,5,3,5,2,5,2,1325
1,35,0,0,4,5,4,1,2,1,4,5,4,4,5,4,0,19,1315
0,31,0,0,4,4,4,2,1,4,3,4,5,4,4,5,0,0,1315
1,52,0,0,4,5,1,1,4,1,2,5,5,4,4,2,0,19,1306
0,64,1,0,4,5,1,1,2,1,4,3,4,4,5,4,2,0,1303
1,61,0,0,4,4,3,3,2,3,4,3,4,4,3,4,89,88,1303
1,54,1,0,4,5,4,1,2,4,3,2, ,4,3,3,25,41,1303
0,57,0,0,4,1,4,3,2,1,4,2,4,2,4,4,0,0,1303
1,53,0,1,4,5,4,4,1,5,4,3, ,3,4,5,0,14,1299
1,13,0,0,1,3,4,3,1,4,5,5,2,3,1,5,39,26,1276
0,39,0,0,5,5,5,1,2,1,4,5,2,5,4,4,68,63,1276
1,9,0,0,5,2,5,3,3,1,3,1,1,2,3,3,0,0,1276
0,24,0,0,5,4,5,1,2,1,4,4,4,3,5,4,8,1,1262
0,62,0,0,5,4,5,5,2,1,4,3,4,5,5,4,0,0,1258
1,9,0,0,1,4,4,1,1,1,5,4,3,4,4,5,23,2,1246
1,69,1,1,5,5,1,5,3,3,5,4,1,4,3,3,13,23,1242
1,16,0,0,5,5,4,2,2,4,1,4,2,5,5,4,0,0,1242
1,50,1,0,5,4,1,1,3,3,5,4,1,4,3,3,0,0,1237
1,34,1,0,5,5,1,4,3,1,3,5,4,5,4,3,0,0,1237
1,15,0,0,5,3,3,4,1,3,5,1,4,3,1,5,0,0,1235
0,15,0,0,5,5,4,5,4,1,2,4,5,4,3,2,4,1,1235
0,68,0,0,5,5,5,3,4,1,2,3,1,5,5,2,1,1,1235
0,66,0,0,5,5,5,4,2,1,4,5,5,3,4,4,0,0,1235
0,25,1,0,5,1,5,3,4,1,2,3,5,2,1,2,0,0,1222
1,61,0,0,1,4,4,1,1,5,5,4, ,4,4,4,0,0,1217
0,45,1,1,5,2,4,3,2,3,3,1, ,1,4,1,20,15,1216
1,44,0,0,5,4,5,3,3,4,5,2, ,2,4,4,0,0,1211
0,9,0,0,5,4,2,2,4,2,2,5,2,4,3,2,0,0,1199
0,41,1,0,5,4,3,2,1,1,5,2,1,4,5,5,14,3,1199
1,31,0,0,5,1,4,3,4,1,3,1,4,2,1,2,13,0,1199
0,49,1,0,1,2,2,2,4,1,2,2,4,3,4,2,0,0,1199
1,45,0,0,5,4,4,3,1,3,3,2, ,2,5,5,0,0,1199
0,67,1,0,5,4,5,4,1,1,5,1,3,5,3,5,0,0,1197
0,29,1,1,5,4,1,2,4,1,1,4,2,3,3,2,15,3,1195
1,60,1,1,5,4,1,2,4,1,2,5,2,4,5,2,28,54,1195
0,63,1,1,5,5, ,4,3,1,3,4,2,3,1,3,0,0,1195
0,10,0,0,5,5, ,2,5,1,5,3,4,5,3,1,7,1,1189
1,16,0,1,5,5, ,3,1,1,5,4,3,5,5,5,0,0,1189
1,10,0,0,1,1, ,2,5,1,1,3,5,1,4,1,0,0,1188
1,34,0,0,5,5,1,3,2,1,4,4,5,3,4,4,0,0,1184
1,25,0,0,4,1, ,2,4,1,4,4,1,3,1,2,0,0,1183
0,59,0,1,4,5, ,2,4,3,4,1, ,4,3,3,0,0,1182
0,41,0,0,4,4, ,1,4,1,2,4,2,3,5,2,24,27,1171
0,28,0,0,4,3, ,3,5,1,4,2,1,3,3,1,7,2,1166
0,13,0,0,4,4, ,2,1,1,5,3,4,4,3,5,0,0,1165
1,41,0,0,5,4, ,2,2,1,4,4,2,5,5,4,4,7,1158
1,22,0,0,5,1, ,3,3,1,3,2,1,2,2,3,0,0,1147
1,33,1,0,5,5, ,5,1,1,5,5,2,5,5,5,0,0,1147
0,48,0,0,5,5, ,3,2,1,4,5,4,4,4,4,0,0,1145
1,49,1,0,1,2, ,4,5,2,4,3,2,3,2,2,12,0,1144
0,50,0,0,5,4, ,3,3,1,3,2,4,2,1,3,0,0,1142
1,33,0,0,5,3, ,4,3,1,3,1,5,3,2,3,31,24,1136
0,8,0,0,5,5, ,3,4,1,2,3,2,4,3,2,4,2,1129
0,57,0,1,5,2, ,3,1,4,4,2, ,3,2,3,0,0,1126
0,8,0,0,5,4, ,2,2,1,3,3,2,4,5,4,0,0,1124
1,18,0,0,5,2,1,4,5,1,1,2,2,2,2,1,13,4,1121
1,61,0,0,5,5,2,4,1,2,5,4,4,3,3,5,2,0,1121
0,65,1,1,5,4,3,3,1,3,5,4,5,4,4,5,24,9,1121
0,44,0,0,5,4, ,3,3,1,3,4,3,4,5,3,1,0,1121
0,33,0,0,5,4, ,2,2,1,5,5,3,3,4,4,2,1,1121
0,50,0,0,5,5, ,1,4,1,2,3,3,1,3,2,1,0,1120
1,9,0,0,4,3, ,2,2,1,4,2,1,3,1,4,0,0,1119
0,62,1,0,1,5, ,5,1,1,5,4,5,5,5,5,0,0,1117
0,25,1,0,2,5, ,1,4,1,2,5,4,5,3,2,0,0,1107
1,46,0,0,4,4, ,3,4,4,4,1, ,1,1,4,0,3,1105
1,63,0,0,4,2, ,3,3,3,3,4, ,4,1,1,0,0,1096
0,18,1,0,3,5,2,5,4,2,2,2,3,2,5,2,0,0,1092
0,34,1,0,4,3, ,4,5,1,2,2,5,3,1,1,0,2,1091
1,51,1,0,3,4, ,4,1,4,4,2, ,2,2,1,35,36,1091
1,18,0,0,3,4, ,3,5,1,1,2,1,4,5,1,0,0,1086
0,65,0,0,4,4,2,1,2,2,4,3,3,4,4,4,8,19,1076
0,20,1,0,4,5,3,3,5,3,1,3,4,4,4,1,0,0,1075
1,60,0,0,3,4, ,1,3,4,4,2, ,2,5,3,0,1,1075
0,66,0,0,4,5, ,4,1,1,5,4,5,4,2,5,5,5,1075
0,53,1,1,4,1, ,2,5,3,3,1, ,1,3,1,0,0,1075
0,39,1,0,3,5, ,4,1,1,5,3,3,5,1,5,0,0,1069
1,16,0,0,4,5, ,2,4,1,2,5,2,5,5,2,0,0,1069
1,30,1,1,3,5,1,4,5,1,1,3,2,5,5,1,61,52,1065
1,61,1,0,4,4,3,5,4,3,2,5,3,4,3,2,35,12,1065
0,42,0,0,4,5, ,3,3,1,3,4,2,5,3,3,3,0,1062
0,62,0,0,4,5, ,3,1,1,5,4,4,5,5,5,0,0,1061
1,21,1,0,4,4, ,2,1,1,5,2,1,3,3,5,0,0,1056
0,14,0,0,1,3,4,4,3,4,3,1,5,3,4,3,0,0,1055
0,45,0,0,4,5,3,2,4,3,2,4,4,4,5,2,16,4,1052
1,56,0,0,4,4,3,4,4,3,2,3,3,4,4,2,42,27,1047
1,61,0,0,1,3, ,3,4,3,2,4, ,4,4,5,0,3,1045
0,20,1,0,4,4,2,1,4,2,2,5,3,5,5,2,5,8,1042
1,18,0,0,4,2,1,3,3,1,3,2,1,4,2,3,18,4,1041
1,17,1,1,1,1, ,3,5,4,4,1,3,4,4,4,427,440,1041
1,61,1,0,4,4, ,3,2,4,4,4, ,4,5,3,0,0,1041
1,34,0,0,5,5, ,2,3,1,3,5,4,4,4,3,0,0,1027
1,48,0,0,5,2, ,4,1,4,4,2, ,2,3,1,14,7,1024
1,34,0,0,5,4, ,3,2,1,4,4,3,1,2,4,4,0,1020
0,25,0,0,5,3,4,4,4,4,2,3,1,4,3,2,0,0,1017
0,69,1,0,5,4,2,4,3,2,3,2,5,4,3,3,0,0,1014
0,40,0,0,4,2,1,4,5,1,1,1,4,4,4,1,0,0,1013
0,32,0,0,5,3,3,3,2,3,4,3,1,4,1,4,0,0,1013
1,16,1,0,1,2, ,3,3,1,3,1,3,3,4,3,0,0,1013
1,23,0,0,3,5, ,3,5,1,1,3,4,5,4,1,21,2,1010
0,10,0,0,3,2, ,3,2,1,4,1,3,4,2,4,0,0,1009
0,33,1,0,3,4, ,2,4,1,2,3,2,5,4,2,0,0,1009
1,70,1,1,3,5, ,1,2,4,4,2, ,3,5,4,0,0,1009
0,25,0,0,3,5, ,4,1,1,5,5,3,5,3,5,0,0,1009
0,51,1,0,3,4,1,3,1,1,4,4,3,5,3,5,7,9,1005
0,42,1,1,3,4,1,1,2,5,4,1,1,1,5,5,72,61,1005
1,29,1,0,3,5,4,3,2,4,4,5,3,4,3,4,2,0,1005
1,57,1,0,3,4, ,3,1,4,5,5, ,5,4,3,0,6,1005
1,35,1,0,3,4, ,2,3,1,1,3,2,5,3,3,80,75,1005
0,68,0,0,3,4,1,2,1,1,5,4,2,5,4,5,0,0,991
1,20,1,1,3,5,3,2,3,3,3,3,3,5,3,3,8,37,991
0,70,0,0,3,4, ,5,4,1,2,3,2,4,4,2,0,0,991
0,15,0,0,3,4, ,1,5,1,1,5,5,4,5,1,0,16,989
0,58,1,0,3,5, ,3,2,1,4,4,5,4,3,4,0,0,989
1,17,1,0,3,2, ,4,3,1,3,4,3,3,2,3,0,0,986
1,49,0,0,4,4, ,4,4,3,4,5, ,1,1,1,0,0,986
0,41,1,1,2,4,1,3,2,3,4,3,1,3,1,3,0,0,985
1,21,1,0,2,5, ,4,2,1,4,4,5,4,5,4,0,0,979
1,51,0,0,3,5,3,2,1,3,5,5,2,5,3,5,2,20,978
1,8,0,0,2,4, ,2,2,1,1,4,2,4,3,4,12,0,978
1,65,0,0,2,4, ,3,1,5,4,1, ,1,3,3,0,0,978
0,17,0,0,1,4,1,2,4,1,2,5,3,4,4,2,0,0,972
1,20,0,0,2,4, ,2,5,1,1,3,5,4,5,1,17,17,972
1,16,0,0,2,5, ,3,2,1,4,3,3,4,5,4,127,118,971
0,33,0,0,2,1, ,3,5,1,4,4,5,4,3,1,15,1,971
0,14,1,0,2,5,1,1,3,1,3,3,5,5,3,3,4,0,967
1,37,1,0,2,5, ,4,4,1,2,5,4,4,5,2,7,1,967
0,53,1,0,2,5, ,1,3,1,3,5,4,4,3,3,0,0,967
0,23,0,0,2,5, ,2,5,1,1,3,4,5,5,1,13,0,966
1,13,0,1,2,5, ,3,5,1,1,3,2,4,4,1,0,0,964
0,26,0,0,2,3,1,3,5,1,1,2,2,3,1,1,0,0,957
1,50,1,0,2,4, ,1,4,5,5,2, ,2,5,3,0,1,954
1,10,0,0,2,2, ,4,3,1,3,1,3,4,4,3,0,0,950
0,62,0,0,2, , ,4,1,1,5,1,3,2,2,5,0,0,950
0,61,0,0, , , ,1,4,1,2,4,4,5,4,2,1,1,948
0,32,1,0,2,1, ,3,5,1,1,2,2,1,1,1,0,0,948
0,39,0,0,2,2, ,2,1,2,5,1,1,3,3,5,0,0,946
1,39,1,0,2,3, ,1,4,1,1,5,2,1,2,2,0,0,946
1,23,1,0,2,4, ,3,4,1,2,4,1,3,5,2,0,0,946
0,17,0,0,2,5, ,3,4,1,2,3,2,4,2,2,0,0,946
1,56,1,1,2,3,1,3,5,1,1,1,1,5,5,2,0,0,944
1,55,1,0,2,2, ,4,4,4,3,3, ,3,1,3,68,80,944
1,51,1,0,2,3, ,4,5,3,2,3, ,3,2,2,0,0,944
1,32,0,0,3,5,3,3,4,3,2,4,3,4,3,2,27,26,937
0,25,0,0,3,5,3,3,1,3,5,3,5,4,3,5,0,0,937
1,14,1,0,2,4, ,4,3,1,3,5,4,5,5,3,11,4,937
1,13,1,0,2,5, ,1,5,1,1,5,3,5,5,1,0,4,937
0,51,1,0,2,3, ,2,3,1,3,3,3,2,2,3,29,13,937
0,48,1,0,2,2, ,4,5,1,1,3,1,3,3,1,0,0,937
1,26,0,0,2,2,3,3,4,3,3,4,2,3,1,2,0,0,936
0,23,1,1,2,3, ,3,1,1,5,3,3,4,4,5,0,14,936
1,62,0,0,2,3, ,3,5,2,1,3, ,3,4,3,0,0,936
1,56,1,0,2,4, ,4,1,4,4,2, ,2,3,1,0,0,936
0,60,0,0,2,5, ,3,2,1,3,4,5,5,4,4,0,0,931
1,43,0,0,4,5,5,1,1,5,5,4,3,4,5,5,0,3,929
0,54,1,0,3,4,3,3,3,3,3,5,5,5,5,3,54,51,925
1,29,1,0,2,5, ,2,5,1,1,5,1,3,5,1,0,3,925
0,12,0,0,2,5, ,3,1,1,5,3,3,5,3,5,13,6,925
0,50,1,0,2,4, ,1,1,1,3,3,2,5,1,3,0,0,925
1,20,1,0,2,5, ,3,4,1,2,3,5,4,3,2,0,0,925
0,50,1,0,2,5, ,5,4,1,2,5,4,4,4,2,0,0,925
0,18,0,0,2,4, ,4,1,1,3,4,3,4,5,3,1,0,921
0,16,0,0,2,4, ,3,2,1,4,4,2,5,5,4,4,14,920
0,54,0,0,2,5, ,1,2,5,4,4,4,4,4,4,0,3,919
1,48,0,1,2,4, ,4,1,3,3,1, ,1,4,4,0,0,919
1,20,1,0,2,5, ,4,3,1,1,5,3,4,3,3,0,0,916
1,14,1,1,3,5,3,4,5,3,1,5,5,4,4,1,0,0,913
0,25,0,0,2,3,1,2,3,1,2,3,1,2,5,3,0,0,912
0,47,0,0,2,4, ,4,1,1,1,3,5,5,4,1,15,33,912
1,21,0,0,2,5, ,1,5,1,1,4,3,5,3,1,2,0,912
1,32,1,0,2,5, ,1,3,1,5,5,4,4,4,3,3,0,912
0,53,1,0,2,5, ,2,4,1,2,1,3,5,3,2,2,1,908
0,46,1,0,2,3, ,1,1,1,3,1,5,1,3,5,0,0,908
0,17,0,0,2,5, ,5,2,1,2,3,4,4,4,4,1,0,907
1,66,0,0,2,4, ,3,1,5,4,5, ,5,5,4,5,2,907
0,19,0,0,2,5, ,3,1,1,2,3,3,4,4,2,0,0,907
0,69,1,0,2,4,2,3,4,2,2,1,1,2,1,2,32,8,901
0,19,1,1,2,4, ,1,1,1,2,5,5,4,5,2,6,2,899
1,36,0,0,2,4, ,4,1,1,5,4,5,1,1,5,0,0,899
1,57,0,0,2,5, ,5,3,4,5,3, ,3,3,4,0,0,899
1,49,1,1,2,4, ,4,1,4,4,3, ,5,2,4,0,0,896
1,66,0,0,2,4,2,2,5,2,2,3,2,4,4,1,32,23,895
1,60,0,0,2,1, ,3,1,3,4,2, ,2,4,1,10,2,895
0,54,1,0,2,5,1,1,1,1,5,4,4,4,5,5,0,0,894
0,62,1,0,2,3,2,4,1,2,1,2,3,4,1,3,0,0,888
0,15,1,0,2,4,2,4,1,2,5,3,2,2,4,5,0,0,888
0,43,1,0,5,1,5,3,5,1,4,4,4,4,2,4,500,2,888
1,38,0,0,2,1, ,3,5,1,5,3,5,3,3,5,0,0,888
0,47,0,1,2, , ,3, ,2,2,4,4,4,2,2,310,305,883
1,29,0,0,2,1, ,3,1,1,5,1,3,3,3,5,16,5,882
0,34,0,0,2,3, ,3,5,1,1,1,3,3,1,1,0,0,872
1,12,0,0,3,3,3,2,5,3,1,2,4,1,3,1,0,3,868
0,19,0,0,2,3, ,3,2,1,4,4,1,2,1,4,3,3,868
1,46,0,0,2,4, ,4,1,1,3,1, ,1,2,4,0,0,868
1,35,1,0,1,3,1,5,1,1,4,4,1,1,1,5,0,5,867
0,42,1,0,2,1, ,3,5,1,1,1,4,3,2,1,0,0,867
0,46,1,1,2,4,2,3,4,2,2,4,5,5,3,2,0,0,866
0,16,1,0,2,5,4,3,2,1,4,4,3,5,4,4,0,0,866
1,26,1,0,2,4,3,2,5,1,1,4,5,4,5,1,0,4,862
1,9,1,0,2,4,4,4,3,4,3,3,3,5,4,3,1,5,862
0,66,1,0,2,4,3,3,4,1,2,4,5,5,4,2,3,0,862
0,39,1,1,2,4,3,3,2,3,4,5, ,5,1,2,6,2,862
0,49,0,0,2,4,1,4,2,1,4,2,1,4,4,4,0,0,861
0,68,0,0,2,4,3,3,1,1,5,4,2,4,3,5,0,0,861
0,70,0,0,1,5,1,4,3,1,3,3,3,5,4,5,0,0,859
0,17,0,0,2,2,3,3,5,1,1,4,5,3,1,1,0,0,859
1,22,1,0,2,4,4,4,1,1,5,3,5,4,3,5,0,1,854
0,29,1,0,2,4,1,4, ,2,2,3,5,5,2,2,158,222,854
0,68,1,0,2,5,4,1,3,1,3,3,2,5,5,3,4,0,854
0,34,1,0,1,5,1,1,1,1,3,3,2,4,3,5,0,0,853
1,11,0,0,2,4,2,4,1,2,5,5,4,4,1,5,0,0,853
1,20,1,0,2,4,2,4,1,4,5,5,2,4,3,5,0,8,853
1,46,1,0,2,4,3,2,1,4,3,5, ,1,3,5,0,0,853
0,61,0,0,2,5,3,5,4,1,2,5,5,4,4,2,11,2,852
1,13,0,1,2,5,5,3,4,1,3,3,2,4,4,2,6,5,849
0,67,1,0,2,3,3,3,1,1,5,3,1,5,4,5,0,0,849
0,32,1,0,2,5,3,4,1,1,1,4,5,5,3,5,8,2,846
1,19,1,0,2,5,4,2,3,1,3,5,4,5,4,3,15,17,846
0,56,1,0,3,5,3,1,5,3,1,4,4,5,3,1,0,0,845
1,61,0,0,2,5,1,3,1,5,3,5, ,5,3,5,13,17,842
1,39,0,0,2,5,3,2,4,1,3,5,4,5,5,2,1,1,842
1,26,0,0,2,5,2,1,2,1,4,3,3,5,4,4,12,0,842
0,34,1,1,2,4,4,3,2,1,4,4,3,4,5,4,0,1,837
1,27,0,0,2,3,3,2,4,1,2,3,3,3,2,2,0,0,837
1,31,1,0,2,4,5,2,1,1,3,3,5,4,4,5,0,0,836
1,46,1,0,2,5,3,4,1,5,4,3, ,3,3,4,0,5,834
1,16,0,0,2,5,3,4,2,1,4,5,3,5,3,4,15,1,834
0,61,0,0,2,4,5,2,5,1,3,5,2,5,4,1,0,0,834
1,46,1,0,2,5,4,2,2,4,2,4, ,4,2,3,0,0,834
0,57,0,0,1,4,1,1,1,1,5,5,2,4,5,5,87,75,833
1,68,0,0,2,5,1,1,3,4,4,4,1,2,5,3,0,4,829
0,20,1,0,2,4,5,4,3,4,3,4,4,5,3,3,26,32,829
1,41,1,0,2,4,3,1,3,1,3,5,2,5,5,3,0,0,828
0,10,0,0,2,5,1,4,1,1,4,3,3,5,3,5,0,0,822
1,62,0,0,2,2,1,2,5,2,3,2,1,2,4,3,0,0,821
0,49,0,0,2,1,3,4,4,1,1,1,1,3,1,2,0,0,821
0,37,0,0,2,4,3,3,2,1,3,1,2,3,3,4,0,0,821
1,15,0,0,2, , ,3,4,1,2,3,3,4,4,2,0,0,814
0,53,0,0,3,4,3,3,1,3,5,1,5,4,4,5,0,0,813
0,38,0,0,2,1,3,4,1,1,2,4,2,3,2,5,0,1,813
1,33,1,0,2,2, ,3,3,1,3,2,1,4,4,3,0,0,813
0,58,0,0,2,2,3,4,2,1,4,3,5,2,2,4,0,0,813
1,63,0,0,2,3,3,3,2,2,3,1, ,1,3,2,0,0,813
0,63,0,0,2,5,4,5,1,1,2,3,2,5,3,5,0,0,813
0,55,0,0,2,3, ,1,2,1,4,3,1,3,3,4,0,0,808
1,26,0,0,2,5,1,2,3,1,5,5,3,4,5,3,4,2,806
1,22,0,0,2,4,1,2,3,1,3,2,4,3,3,3,11,0,802
0,49,0,0,2,1,3,4,4,1,2,3,5,4,3,2,1,0,802
0,43,0,0,2,4,4,3,4,1,3,4,5,3,3,2,0,0,802
0,37,0,0,2,4,3,5,2,1,3,4,3,4,3,4,0,0,802
0,14,1,0,2,5,4,4,5,1,1,4,2,5,4,1,0,0,802
1,59,1,0,2,3,3,3,2,3,3,5,1,3,3,4,0,0,799
1,10,1,0,2,5,3,2,4,1,3,5,2,2,2,2,14,1,799
0,66,0,0,2,5,3,2, ,2,2,5,4,5,2,2,143,142,793
1,16,0,0,2,4,2,5,1,1,5,4,2,5,5,5,0,0,793
0,34,1,0,2,5,2,2,1,2,1,3,5,5,4,5,0,0,789
1,28,1,0,2,4,1,4,3,1,3,3,3,5,5,3,0,0,787
1,31,0,1,2,1,2,3,4,1,2,4,2,3,3,2,10,1,787
0,9,1,0,2,5,5,4,3,1,3,5,3,4,4,3,0,0,785
1,26,1,0,2,5,5,3,5,1,3,3,5,5,5,1,0,0,783
1,9,1,0,2,4,3,2,2,1,3,3,3,5,5,4,0,1,782
1,13,1,0,1,5,1,5,1,1,3,3,5,5,5,5,0,0,781
1,69,1,0,2,5,1,4,1,5,3,2, ,5,5,3,0,0,781
1,63,1,0,5,5,4,4,3,4,3,5,2,5,3,3,7,2,776
1,55,1,1,2,5,4,1,3,5,4,3, ,3,4,3,0,5,775
0,32,1,0,2,5,4,4,2,1,3,2,3,3,3,4,0,8,773
0,21,1,0,2,1,5,4,2,1,4,1,4,3,4,4,524,12,765
0,32,1,0,2,4,3,4,3,1,1,3,4,4,4,3,0,0,764
0,54,0,0,2,4,2,3,1,2,3,3,4,5,4,5,29,2,762
1,14,1,0,3,5,3,5,1,3,3,3,4,5,4,5,0,0,762
0,38,0,0,2,4,4,3,4,1,3,3,4,4,4,2,0,0,759
0,8,1,0,2,5,2,1,1,2,5,4,3,5,2,5,57,52,748
1,23,1,0,3,4,3,2,4,3,2,5,1,5,2,2,21,1,748
0,24,1,0,2,4,3,3,1,1,5,4,5,5,5,5,0,2,748
1,34,1,0,2,5,3,3,1,1,3,4,4,5,4,5,60,56,748
0,65,0,0,2,4,4,1,3,1,3,3,2,5,4,3,5,2,748
1,52,1,0,2,5,3,1,3,5,3,4, ,4,5,5,0,0,748
0,20,1,0,4,4,4,4,5,4,1,4,3,4,2,1,0,0,746
1,55,0,0,5,2,5,4,5,5,3,1,1,3,3,1,0,0,746
1,29,0,0,2,3,5,3,1,1,3,3,2,3,3,5,0,0,746
1,29,0,0,2,5,4,1,2,1,3,5,5,4,4,4,0,0,746
1,40,0,0,2,1,2,4,1,2,4,3,1,3,1,5,0,0,738
1,45,1,0,5,2,5,3,4,5,2,2,5,4,3,2,0,0,737
1,13,0,0,2,1,3,4,1,1,5,3,1,4,2,5,15,8,733
0,22,0,0,2,3,4,3,4,3,2,5,4,5,2,2,0,9,733
1,51,0,0,2,3,2,3,3,4,5,2, ,2,2,2,0,0,733
0,24,0,0,2,4,4,2,4,1,2,4,5,5,5,2,0,0,733
0,31,1,0,2,5,5,2,5,1,1,4,4,4,1,1,0,0,733
1,16,0,0,2,1,3,2,4,1,3,3,3,2,4,2,0,0,731
0,34,0,0,2,1,1,3,2,1,4,1,1,2,3,4,0,0,726
0,47,0,0,2,5,5,5,5,1,1,4,5,4,4,1,0,0,726
0,41,0,0,2,4,5,4,3,1,3,1,2,1,3,3,0,0,722
0,24,0,0,2,1,2,3,3,1,2,2,2,3,4,3,0,0,721
0,66,1,0,3,2,3,2,3,2,2,3,2,3,2,2,193,205,719
0,28,1,1,3,4,3,4,5,3,1,3,2,5,3,1,0,0,719
0,21,1,0,2,4,4,4,4,1,3,4,5,3,4,2,14,29,719
1,14,1,0,2,5,4,4,5,1,1,5,2,5,3,1,0,0,719
0,51,1,0,2,5,3,3,4,1,2,4,4,5,5,2,0,5,715
0,50,0,0,2,5,1,3,5,1,1,5,4,4,3,1,0,0,712
1,68,0,0,3,5,3,3,1,3,3,4,4,4,4,5,0,0,700
0,14,0,0,2,4,4,4,2,1,4,3,4,4,4,4,0,0,700
1,52,0,0,2,4,2,3,1,2,3,5,3,5,5,5,0,0,696
0,42,1,0,2,5,4,2,3,1,3,3,4,4,3,3,10,0,696
1,47,0,0,2,3,3,2,4,3,5,2, ,2,1,4,0,0,696
1,32,1,1,2,4,5,1,4,1,2,5,3,5,3,2,0,0,696
1,50,1,0,2,2,4,4,3,3,4,5, ,5,2,2,0,1,695
1,63,1,0,2,5,3,1,4,5,4,5, ,5,4,4,0,0,694
0,64,1,1,1,5,4,3,3,5,3,1, ,2,4,3,0,0,693
0,50,1,1,2,4,4,4,3,4,3,2, ,2,4,5,0,0,692
1,25,1,0,1,4,1,1,1,1,3,3,5,4,3,5,24,13,689
1,60,0,0,2,5,1,4,1,5,4,3,1,3,3,5,0,0,689
0,56,1,1,3,1,3,4,3,3,3,2,1,4,3,3,0,0,689
1,8,1,0,2,4,3,3,5,4,1,3,2,5,3,1,0,1,689
1,59,1, ,2,4,4,2,1,5,4,2,4,2,3,3,24,37,689
0,50,0,0,2,4,3,1,5,1,1,4,4,4,4,1,0,0,689
1,59,0,0,2,5,1,4,3,5,4,2, ,2,3,3,4,0,687
0,7,0,0,2,5,4,2,5,1,1,4,5,5,5,1,0,0,687
1,47,0,0,2,5,3,3,4,5,4,1, ,1,4,4,0,0,683
0,52,1,0,2,4,3,1,1,1,3,3,2,5,3,5,6,3,680
0,24,1,0,2,4,1,5,5,1,3,5,4,5,4,1,0,0,679
1,9,1,0,2,3,5,3,3,1,3,3,4,3,2,3,0,1,679
0,56,1,1,2,1,4,3,4,4,4,4, ,4,4,3,0,0,679
0,70,1,1,2,2,2,3,5,1,1,3,1,2,3,1,0,0,679
0,63,0,1,2,4,1,4,4,5,4,1, ,1,3,5,0,0,678
1,15,0,0,2,4,3,1,5,1,1,4,4,5,5,1,0,0,675
1,61,1,0,2,4,1,2,3,4,4,1,1,1,4,5,0,0,674
0,47,1,0,3,4,3,2,2,3,4,4,3,4,3,4,16,9,674
0,52,0,0,2,4,4,2,5,1,1,5,4,5,5,1,2,1,674
0,33,1,0,2,5,2,2,5,1,1,5,5,5,5,1,0,0,672
0,56,1,1,2,4,2,1,2,4,3,5,3,4,4,4,0,0,671
1,68,1,0,2,4,1,2,1,5,3,2, ,3,3,3,0,0,667
0,69,0,0,2,3,2,4,2,2,4,3,2,2,2,4,7,2,666
1,45,0,0,2,2,2,3,5,2,3,3, ,3,1,2,3,1,666
1,25,0,0,2,5,2,2,2,1,4,2,3,4,5,4,0,0,663
1,26,0,0,1,1,1,3,4,1,2,2,5,2,1,2,0,0,650
1,14,1,0,2,3,2,5,3,1,3,5,3,1,1,3,0,0,650
1,57,1,0,2,3,3,3,2,1,3,4, ,4,3,3,0,0,650
0,21,0,0,2,4,1,4,4,1,2,4,2,4,2,2,0,0,650
1,32,1,0,2,2,4,3,4,1,2,2,2,4,4,2,0,3,649
0,9,1,0,3,5,3,3,3,3,3,2,4,5,2,3,2,1,646
0,21,0,1,2,4,3,3,3,1,4,1,2,3,3,3,0,5,646
1,45,0,0,1,3,3,2,1,1,5,2,3,4,3,5,14,7,646
1,26,0,0,2,3,3,3,2,1,3,2,4,3,2,4,2,1,646
0,65,1,1,2,2,2,3,3,4,4,3, ,3,1,2,0,0,645
0,26,0,1,2,5,3,3,2,1,4,5,2,4,3,4,0,0,644
1,61,1,0,2,4,2,1,1,2,5,4,5,4,4,5,0,0,643
1,38,1,0,3,3,4,4,3,4,2,3,1,4,1,3,0,0,643
0,52,1,0,2,5,5,2,4,1,1,5,5,5,4,2,0,0,643
0,46,0,1,2,4,3,1,1,4,5,3, ,3,4,4,1,0,641
0,52,1,0,2,4,4,3,2,1,3,3,2,4,3,4,64,53,639
0,9,0,0,2,5,4,3,5,1,1,4,2,5,3,1,0,0,634
1,36,0,0,3,1,3,3,3,3,2,1,4,4,4,3,0,0,631
0,7,0,0,2,3,5,3,1,1,5,1,5,3,1,5,0,0,631
0,33,1,0,4,5,3,1,1,3,1,5,3,5,4,5,0,0,630
1,20,0,0,2,5,4,1,5,1,1,3,4,4,3,1,16,4,628
0,31,1,0,2,5,4,4,1,1,5,5,3,5,3,5,5,5,628
1,65,1,0,2,4,1,1,3,5,5,3,1,4,5,4,0,0,627
0,13,1,0,2,1,1,3,2,1,3,4,2,3,2,4,0,0,626
1,66,1,1,3,3,3,3,4,3,3,1,5,3,3,2,13,24,622
0,34,0,0,2,5,1,2,2,1,4,4,5,4,4,4,5,2,621
0,40,1,0,2,3,2,3,5,2,1,2,1,1,1,1,4,0,612
1,64,1,0,2,4,5,3,2,4,4,1, ,3,4,5,0,0,607
0,51,1,0,2,4,3,2,2,4,4,4,2,5,5,4,0,0,605
1,27,1,0,2,5,3,1, ,3,3,5,4,5,3,3,180,175,604
0,13,1,0,2,4,2,2,5,1,1,5,3,5,4,1,0,0,604
0,17,1,0,2,5,4,2,3,1,3,4,5,4,3,3,0,0,604
1,47,0,1,2,5,3,3,2,4,5,4, ,1,5,4,26,12,602
0,64,1,0,3,4,3,5,3,3,3,3,2,4,3,3,0,7,599
0,69,0,0,3, ,3,3,3,2,2,4,3,4,2,2,155,163,599
1,60,1,0,2,4,5,3,3,4,3,1, ,1,4,3,0,0,599
1,65,1,0,2,2,2,3,2,5,5,2, ,2,4,3,90,80,598
0,31,1,0,2,2,4,4,2,1,4,1,1,2,4,4,0,0,596
0,49,1,1,2,5,5,1,4,3,5,4, ,4,4,4,0,0,596
1,25,1,0,2,2,4,4,4,2,2,4,3,3,2,2,0,3,594
1,20,0,0,2,2,3,3,5,2,1,2,3,4,1,1,0,3,594
1,22,1,1,2,4,1,3,4,1,2,4,2,3,3,2,7,59,594
0,12,1,0,4,3,2,3,5,1,1,1,1,3,1,1,0,0,594
1,58,0,0,2,3,3,4,3,1,4,1, ,1,3,3,0,0,594
0,25,0,0,2,5,2,3,3,1,3,3,4,2,1,3,0,0,594
0,54,0,0,2,5,2,1,1,2,5,4,2,4,4,5,29,21,591
1,56,0,0,2,1,1,3,2,1,4,1,3,2,2,4,1,0,590
1,40,0,0,2,3,2,3,2,2,4,3,1,3,2,4,37,35,590
1,56,1,0,1,5,1,3,3,1,4,4,1,1,5,3,7,12,589
0,69,0,0,2,5,3,3,3,1,3,3,3,5,4,3,0,0,587
1,64,0,0,2,5,2,3,2,5,4,2, ,2,3,5,0,0,587
0,42,1,0,2,4,2,4,3,1,3,3,4,5,4,3,1,0,585
0,44,1,0,2,4,3,1,1,1,5,4,3,5,4,5,0,0,585
0,9,1,1,2,5,4,2,3,1,3,5,2,4,3,3,0,0,585
1,65,1,0,1,1,1,4,2,1,4,3,4,4,4,4,0,13,584
1,47,1,0,2,4,4,3,1,4,5,2,4,3,4,3,0,0,584
1,42,0,0,2,4,5,4,4,5,5,2, ,2,5,5,0,0,584
0,50,0,0,2,3,3,4,2,1,4,4,1,3,3,4,0,5,581
1,25,0,0,2,4,2,1,3,1,2,4,4,4,5,3,2,1,581
1,27,0,0,2,4,2,3,2,1,4,4,4,5,4,4,0,0,581
0,22,0,0,2,4,3,4,2,1,4,3,4,4,5,4,2,1,580
0,37,0,0,2,2,2,2,5,1,1,3,3,2,3,1,0,0,580
1,12,0,0,2,2,3,2,4,1,2,2,5,1,4,2,0,0,580
0,37,0,0,5,4,5,1,5,5,1,5,2,5,5,1,20,24,577
0,56,0,0,2,4,4,2,4,1,1,5,3,4,3,2,1,0,577
0,12,1,0,2,3,4,4,3,3,3,2,1,3,4,3,0,0,577
0,55,0,0,2,5,4,3,3,5,3,3,4,5,3,3,0,0,577
0,68,0,0,2,5,3,1,4,1,2,4,5,4,3,2,0,0,575
1,65,0,0,2,4,1,2,4,5,5,2,1,2,3,4,0,0,570
1,18,0,0,2,1,1,3,4,1,2,3,2,2,1,2,15,10,569
0,9,1,1,2,4,5,3,5,1,1,1,5,3,4,1,0,0,569
1,39,1,0,2,4,1,3,3,1,1,4,2,5,4,3,0,0,565
1,31,1,0,2,5,3,3,2,1,4,5,2,4,3,4,0,17,563
1,53,1,0,2,4,4,2,1,4,5,2, ,2,4,5,0,0,563
1,31,0,0,2,4,1,2,5,1,5,4,4,5,3,1,31,35,562
0,41,1,0,2,4,4,4,1,1,3,5,4,4,5,5,0,0,558
0,33,0,0,3,2,3,3,3,3,5,4,2,2,4,3,94,89,551
1,69,0,0,2,4,4,4,1,3,4,5, ,5,4,1,4,0,551
1,18,0,0,2,3,3,1,3,1,5,2,3,4,2,3,0,0,550
1,50,1,0,2,3,2,3,4,2,1,2,2,4,5,2,2,1,547
0,29,0,0,2,2,3,4,1,1,5,3,2,4,4,5,0,0,546
1,65,0,0,2,1,2,3,2,2,4,4,5,3,1,4,3,0,545
1,21,0,0,2,4,2,4,4,1,5,3,5,4,4,2,0,0,545
0,47,0,0,2,4,2,2,4,2,2,4,5,2,2,2,0,0,544
1,59,0,0,2,5,2,3,2,4,2,1, ,1,2,2,0,16,544
0,17,1,0,2,2,3,3,1,1,5,2,5,2,1,5,0,0,542
0,17,0,0,2,3,2,3,4,1,4,5,3,1,5,2,0,0,541
1,33,1,0,2,4,1,4,1,1,5,4,3,4,3,5,2,4,536
0,63,1,1,2,5,5,4,5,1,2,3,2,1,1,1,6,1,534
0,23,1,0,2,4,4,4,2,1,4,5,4,4,4,4,0,0,534
1,18,1,0,2,5,1,2,5,1,1,4,2,4,4,1,106,90,533
1,50,1,0,2,5,1,2,2,4,4,2, ,2,4,5,0,0,533
0,7,0,0,2,3,4,1,5,1,1,1,2,2,1,1,1,5,529
0,7,0,0,2,5,2,2,4,2,2,5,2,4,5,2,16,5,528
1,25,0,0,4,4,3,4,2,3,4,3,3,3,4,4,0,0,528
1,26,1,1,2,4,3,3,1,1,5,5,3,5,5,5,10,0,528
0,66,1,0,2,5,3,5,5,1,1,5,5,5,4,1,0,5,526
0,69,0,0,2,4,1,4,5,1,1,3,4,5,5,1,14,1,526
0,47,1,1,2,5,1,3,3,4,4,1, ,3,3,4,0,0,521
0,63,0,1,2,5,4,4,3,5,5,5, ,5,4,5,4,3,511
1,38,0,0,2,4,3,4,5,1,1,4,4,4,5,1,13,1,507
1,61,0,0,2,5,2,4,4,4,4,1, ,1,4,3,24,14,507
1,34,0,1,2,4,4,3,2,4,5,2, ,2,5,4,89,76,507
1,48,1,0,2,3,2,2,3,2,2,5, ,5,1,3,66,57,503
0,30,0,0,2,1,3,2,2,1,4,2,1,3,3,4,0,0,502
1,67,1,0,2,5,4,4,3,4,4,3, ,3,4,4,0,0,502
1,21,1,0,3,5,3,3,5,3,1,5,2,5,5,1,0,0,501
0,25,1,0,2,5,1,2,4,1,2,4,5,4,4,2,10,1,500
1,11,1,0,2,5,5,2,1,1,5,5,2,4,3,5,0,0,500
0,12,0,0,2,5,4,1,4,1,2,5,2,4,5,2,0,0,500
0,20,1,1,2,5,4,4,1,1,5,4,3,5,4,5,3,0,493
1,26,1,0,2,1,5,3,3,1,1,3,2,4,1,3,0,0,493
0,49,1,0,5,4,5,2,3,5,3,1,4,3,3,3,0,0,491
0,33,1,0,2,4,5,2,3,1,3,2,2,1,5,3,3,10,491
0,58,1,0,2,3,1,4,5,1,1,2,1,3,4,1,0,0,489
1,40,0,0,2,2,2,4,5,2,1,1,3,3,2,1,0,0,488
0,64,0,0,2,3,1,4,2,1,4,4,3,2,4,4,0,0,484
1,39,0,0,2,4,2,5,4,2,2,2,3,3,5,2,0,0,481
1,25,0,0,2,1,5,3,4,1,2,1,4,4,4,2,0,0,481
0,64,0,0,2,2,5,2,2,1,2,2,2,3,2,4,6,1,480
0,30,1,0,3,5,3,1,2,3,1,5,2,4,5,4,41,24,479
0,30,1,0,2,1,4,3,1,1,5,4,4,3,3,5,0,13,476
0,13,1,0,2,3,5,1,4,1,2,2,1,3,5,2,0,0,475
1,12,1,1,2,4,3,3,5,1,1,2,5,4,3,1,14,44,473
0,63,0,1,2,3,2,4,4,1,1,2,3,3,1,1,174,172,471
0,51,0,0,3,3,3,3,2,3,4,5,3,1,5,4,0,0,469
1,68,0,1,2,2,2,4,1,3,3,4, ,4,1,2,0,0,468
0,56,0,0,2,5,1,2,1,1,5,4,5,5,4,5,0,0,468
0,25,1,0,2,4,4,2,4,1,2,5,3,4,5,2,0,0,466
0,29,1,0,2,5,5,2,5,1,1,5,5,5,3,1,14,5,464
0,33,1,0,3,4,2,1,1,2,5,3,3,5,5,5,0,9,462
0,67,0,0,2,2,2,3,2,2,4,2,4,4,2,4,0,0,460
0,24,0,0,4,5,4,4,4,4,2,4,4,5,3,2,39,39,460
0,27,0,0,2,4,4,1,1,1,5,3,5,4,3,5,0,4,460
0,17,0,0,2,4,4,1,2,1,4,4,2,3,5,4,0,0,460
1,60,1,1,2,4,4,4,2,3,4,3, ,3,1,4,20,4,458
1,55,1,0,2,4,2,1,1,5,5,3, ,3,3,5,0,0,457
0,70,1,0,2,1,4,4,2,1,4,1,4,4,4,4,19,45,456
1,30,0,0,2,2,2,3,3,1,3,3,1,4,3,3,3,0,456
0,64,0,0,2,1,4,2,1,1,3,4,4,2,3,5,0,0,453
1,30,0,0,2,4,2,1,1,2,5,4,5,4,3,5,0,0,451
0,24,0,0,5,2,1,3,1,1,3,2,5,4,2,5,1,0,449
1,45,1,1,5,1,5,4,5,4,3,5, ,5,2,1,0,0,448
1,44,1,0,5,4,5,4,3,4,5,5, ,2,3,4,0,0,447
1,46,1,0,5,5,4,2,2,4,5,2, ,2,3,4,0,0,447
1,49,0,0,5,5,4,2,3,5,5,2, ,5,5,5,0,0,447
0,52,0,0,5,5,1,1,2,1,4,4,3,5,5,4,0,0,447
1,22,0,0,5,5,5,1,5,1,3,3,2,5,4,1,0,0,447
1,63,0,0,3,5,3,3,1,3,1,3,4,5,3,5,0,0,446
0,35,0,0,2,4,5,3,4,1,2,5,4,4,4,2,2,3,444
1,32,0,0,2,1,2,4,5,2,1,1,5,3,4,1,71,63,436
0,65,0,0,3,4,3,4,2,3,4,5,2,4,3,4,46,33,436
1,45,0,0,2,5,1,2,2,5,5,4, ,4,5,4,0,9,436
0,54,0,0,2,4,5,4,2,1,4,3,5,4,5,4,20,19,436
1,67,0,0,2,1,4,4,4,3,4,4, ,2,1,3,35,69,436
0,49,1,1,2,4,2,1,4,5,5,3, ,3,5,3,0,0,436
1,10,1,0,2,5,1,2,4,1,2,3,5,4,4,2,0,0,436
1,65,1,0,2,5,5,2,2,4,4,3, ,3,3,5,0,0,435
1,41,0,0,2,4,1,3,2,1,4,2,4,4,2,4,0,0,432
1,41,0,0,2,4,2,3,2,5,5,4, ,4,4,4,0,0,432
0,10,0,1,2,5,4,3,3,1,4,4,2,5,3,3,0,0,432
1,37,1,0,4,4,4,5,2,1,4,4,3,4,5,4,9,23,431
0,51,1,0,5,4,4,1,4,1,2,4,4,4,5,2,37,121,431
0,17,1,0,3,4,4,4,5,1,3,4,3,5,5,1,0,0,431
0,28,1,0,2,4,5,2,4,1,3,3,2,4,3,2,0,0,431
1,57,1,0,2,5,4,2,4,5,5,5, ,5,3,5,0,0,431
1,31,1,0,3,4,3,3,1,3,5,3,1,3,4,5,69,60,429
1,59,1,0,2,1,3,4,2,3,3,3, ,3,1,1,0,0,429
0,13,1,0,3,3,3,3,2,3,4,1,1,1,4,4,0,0,427
1,39,1,0,2,2,2,3,1,1,5,3,3,4,3,5,0,0,425
1,62,1,0,2,2,3,1,2,4,4,1, ,1,3,4,0,0,425
0,66,1,0,3,2,3,2,2,3,5,3,5,5,5,4,13,9,423
1,42,1,0,2,1,5,2,3,2,2,3, ,3,1,4,2,23,421
1,58,1,0,2,3,5,3,3,3,3,4, ,4,3,3,0,0,421
0,62,1,0,2,3,2,1,5,1,1,1,3,5,5,1,0,0,420
1,20,1,1,2,4,2,3,4,1,2,3,1,3,5,2,2,18,419
1,45,0,0,2,4,4,2,3,2,5,4, ,4,3,4,0,0,417
0,15,0,1,2,3,5,2,4,1,2,4,4,2,4,2,0,0,414
1,65,0,0,2,3,1,4,3,3,3,3, ,3,4,2,0,0,414
0,46,1,0,2,4,5,2,2,1,4,3,3,1,4,4,0,0,414
1,7,0,0,2,4,2,3,3,1,3,4,2,5,3,3,0,0,414
0,47,1,0,1,4,3,3,4,3,2,3,5,3,2,2,1,0,409
1,22,1,0,2,1,4,3,4,1,2,2,2,3,1,2,512,2,409
0,63,0,0,2,5,3,1,2,1,2,4,4,4,4,4,0,0,409
0,51,1,0,2,5,2,1,2,1,1,2,1,1,1,4,10,38,408
1,48,1,0,2,2,5,4,1,4,2,4, ,4,4,3,0,0,408
0,54,0,0,2,4,1,3,1,1,2,3,3,5,5,5,10,0,407
1,33,0,0,2,2,4,3,1,1,2,3,2,4,3,5,0,0,406
0,58,1,0,2,4,4,4,3,1,3,5,5,4,4,3,0,0,406
0,54,0,0,2,4,2,3,4,1,2,3,5,4,4,2,0,0,406
0,17,0,0,2,4,2,4,2,1,2,4,3,3,1,4,14,14,405
1,31,1,0,2,4,3,3,5,1,1,4,3,5,3,1,1,0,405
1,35,0,0,2,5,5,3,4,1,2,5,3,4,5,2,2,0,405
1,65,0,0,2,1,4,3,2,4,3,2, ,1,3,4,0,0,405
0,54,0,0,2,2,2,4,2,1,4,4,1,3,4,4,0,0,405
1,7,0,0,2,3,2,2,5,1,1,2,2,5,1,1,0,0,405
1,68,0,0,2,4,1,4,1,5,2,3, ,3,3,4,0,0,405
0,42,0,0,2,5,4,4,2,1,2,4,4,5,5,4,0,0,405
0,38,1,0,2,4,2,3,4,2,2,4,3,5,5,2,50,49,404
0,24,0,0,2,1,4,3,1,1,2,1,1,4,4,5,11,1,404
1,65,0,0,2,4,5,2,1,4,2,4, ,4,5,3,1,0,404
1,25,1,1,2,5,3,1,3,1,3,5,2,4,5,3,7,5,403
0,15,1,0,2,4,1,1,1,1,1,3,3,4,5,5,0,0,403
1,44,1,0,2,4,4,4,3,4,1,2, ,2,4,4,0,0,402
0,48,1,0,2,5,4,4,3,1,2,5,4,4,3,3,0,0,401
1,64,0,0,2,2,4,3,3,4,3,1, ,1,3,1,0,0,399
1,49,0,0,2,3,3,1,4,4,3,1, ,1,2,3,0,0,399
1,17,1,1,2,4,5,4,4,1,2,3,4,5,4,2,0,0,399
0,24,0,0,2,4,2,3,5,1,1,4,3,5,3,1,0,0,399
1,23,0,0,2,4,3,3,3,1,3,4,5,5,5,3,0,0,399
0,37,1,0,2,5,4,1,1,1,1,4,3,5,4,5,0,0,399
1,36,1,0,2,5,4,3,2,1,1,3,5,5,3,4,0,0,399
0,49,0,0,2,5,5,3,3,1,1,4,5,5,4,3,6,2,397
0,68,1,0,1,4,1,3,4,1,1,4,4,5,5,2,0,0,396
1,64,1,0,2,5,5,3,4,4,5,3, ,1,4,4,0,0,396
1,14,1,0,2,3,3,3,2,1,4,2,3,3,4,4,0,0,395
0,50,0,0,2,4,5,3,5,1,1,4,4,4,3,1,0,0,395
1,60,1,0,2,5,1,3,2,4,1,1, ,1,4,3,0,0,395
1,22,0,0,1,2,1,3,4,1,1,4,2,3,4,2,0,0,393
1,37,0,0,2,2,3,3,3,1,1,3,5,4,4,3,0,0,393
1,20,1,0,2,5,2,4,3,2,3,5,3,5,4,3,0,1,391
1,54,1,1,2,4,5,2,3,5,1,2, ,3,3,3,18,14,391
0,15,1,0,2,4,5,3,4,1,1,1,4,1,2,2,5,0,391
0,37,1,0,2,1,2,3,5,1,1,2,5,3,1,1,0,0,391
0,56,1,0,2,4,5,5,3,1,1,3,3,3,1,3,0,0,391
0,44,1,0,2,4,4,3,2,1,4,4,5,4,5,4,0,0,391
1,64,1,0,2,5,4,3,4,5,5,3, ,1,3,3,0,0,391
0,67,1,0,2,5,5,1,3,1,3,5,5,4,4,3,0,0,387
1,66,0,0,2,5,2,2,4,4,4,1, ,1,4,3,0,0,386
0,56,1,0,2,4,2,3,1,1,1,5,4,4,4,5,0,0,383
1,32,1,0,2,4,5,3,2,1,1,5,5,5,5,4,0,0,383
0,52,1,0,2,5,3,1,5,1,1,4,4,5,5,1,0,0,383
0,29,1,0,2,4,3,2,2,1,1,4,2,5,4,4,0,0,377
0,34,0,0,2,1,4,3,4,1,2,3,4,4,4,2,10,1,373
1,57,1,0,2,3,5,3,3,3,3,2, ,2,1,2,0,0,373
1,69,1,0,2,5,1,4,2,5,1,1, ,1,3,3,5,2,372
1,7,1,0,2,1,4,3,3,1,3,2,2,4,3,3,0,12,372
0,25,1,0,2,4,4,3,2,1,1,1,3,4,2,4,6,2,371
1,7,0,0,3,5,3,1,3,3,1,5,1,4,3,3,0,15,370
0,68,0,0,2,2,3,4,2,1,1,3,2,3,2,4,0,0,370
0,37,0,0,2,4,5,4,1,1,1,1,3,3,3,5,0,0,370
0,48,0,1,2,1,3,4,4,3,3,5, ,1,3,3,14,13,369
0,56,0,0,2,2,2,4,3,1,3,1,5,3,3,3,0,0,369
1,25,0,0,2,5,3,3,5,1,1,3,3,4,4,1,1,1,366
0,61,1,0,3,2,5,3,3,1,3,2,1,4,3,3,2,1,364
0,17,1,0,2,5,2,4,1,1,1,5,3,5,5,5,0,0,364
0,7,1,0,2,4,3,5,3,1,3,3,4,5,4,3,0,0,362
0,30,0,0,2,5,4,1,4,1,3,3,5,4,5,2,0,0,362
0,58,0,0,2,5,4,3,2,1,4,5,4,4,3,4,11,15,361
1,10,0,0,2,5,2,2,5,2,1,5,1,4,1,1,13,5,359
1,36,0,0,2,4,2,4,4,2,2,2,1,4,4,2,32,25,359
0,25,0,0,2,4,4,3,2,1,4,5,4,5,5,4,0,0,358
1,30,0,0,5,1,5,4,1,5,1,3,2,3,4,5,0,0,356
1,63,0,0,2,5,3,2, ,5,1,3,5,5,5,5,178,163,356
1,39,0,0,2,1,3,3,4,1,2,3,4,3,2,2,0,0,356
1,50,1,0,2,4,4,1,1,5,1,5, ,4,5,4,0,0,351
1,70,0,0,2,4,2,4,4,4,1,3, ,3,5,5,0,0,351
0,61,0,0,4,5,4,2,1,4,1,3,3,5,4,5,0,0,349
0,46,0,0,3,4,3,4,1,3,1,5,5,4,3,5,13,11,345
1,36,0,0,2,3,3,1,5,1,4,2,5,1,3,1,0,0,341
0,48,0,0,2,5,2,3,2,1,3,4,4,5,5,4,0,3,338
1,54,1,0,2,4,3,5,3,4,4,5, ,5,4,4,0,3,337
1,40,0,1,2,5,5,4,4,4,4,4, ,4,5,4,129,119,337
1,18,1,0,2,4,5,3,4,1,2,4,2,5,5,2,0,0,337
0,28,0,1,2,4,5,2,1,1,1,3,4,4,4,5,0,0,337
0,40,0,0,2,4,4,3,1,1,1,4,4,5,3,5,0,0,337
1,44,0,0,2,4,4,2,4,5,1,2, ,2,5,5,0,0,337
0,40,0,0,2,4,3,2,4,1,2,3,2,5,5,2,0,0,337
1,16,0,0,2,4,1,5,3,1,3,5,2,4,4,3,0,0,337
0,22,0,0,2,5,2,1,1,1,1,5,2,4,5,5,0,0,337
0,27,1,0,2,5,2,2,2,2,1,4,3,5,3,4,0,0,335
0,33,1,0,3,4,3,4,2,3,1,4,4,5,3,4,0,0,335
1,57,0,0,2,4,1,3,2,4,1,1, ,1,3,3,3,0,333
0,42,0,0,4, ,4,3,1,4,1,5,5,5,4,5,16,13,331
0,17,0,0,4,4,4,4,2,4,1,2,2,3,2,4,0,0,331
1,12,1,0,2,3,3,4, ,2,2,2,1,2,2,2,140,137,329
0,64,1,1,2,3,4,4,1,1,5,1,3,2,4,5,0,0,329
0,55,0,0,2,3,2,3,5,1,1,2,4,3,3,1,97,96,328
1,39,0,0,2,4,3,4,5,1,5,4,4,2,3,1,12,0,328
0,60,1,0,2,2,4,3,5,1,1,1,5,3,2,1,0,0,328
0,46,1,0,2,2,2,2,2,1,4,2,5,3,2,4,0,0,328
0,30,0,0,2, ,4,3,4,1,2,5,4,5,5,2,0,0,328
1,70,0,0,2, ,3,3,2,3,4,2, ,2,4,5,0,0,328
1,14,0,0,1,2,1,4,3,1,3,3,1,4,2,3,0,0,325
1,15,0,0,2,4,2,3,4,1,2,2,4,1,3,2,11,3,325
1,28,0,0,2,2,3,3,2,1,4,2,5,4,3,4,1,0,325
0,37,0,0,2,4,1,4,1,1,5,4,3,1,4,5,3,0,325
1,56,1,1,2,5,3,3,1,1,4,5, ,5,3,1,0,3,323
1,44,0,0,2,1,3,4,3,4,3,5, ,5,4,3,0,0,323
1,11,0,0,2,1,3,3,3,1,3,1,2,3,2,3,0,0,321
0,26,0,0,2,2,4,3,3,1,3,3,4,3,2,3,0,0,319
1,19,1,0,2,4,4,4,4,1,2,2,2,4,2,2,0,0,317
0,34,1,0,2,5,3,3,2,1,4,5,3,4,5,4,0,0,315
1,34,1,1,2,4,1,3,1,1,5,4,2,4,5,5,127,131,313
1,66,0,0,2,5,5,5,1,4,4,4, ,4,4,4,0,0,311
0,24,1,0,2,5,3,5,4,1,2,3,3,4,4,2,0,0,309
1,30,1,0,2,4,4,3,4,1,2,3,4,5,4,2,0,0,308
1,13,0,0,2,4,5,3,2,1,4,2,1,2,3,4,0,0,308
0,11,1,0,2,5,4,1,1,1,5,5,3,5,4,5,0,0,308
0,61,1,0,2,5,4,3,3,1,3,4,4,5,5,3,0,0,308
1,52,0,0,2,1,4,3,1,4,3,3, ,3,4,4,0,0,306
1,41,0,0,2,2,5,3,1,1,5,2,5,4,1,5,0,0,306
1,52,1,0,2,1,3,4,2,3,4,5, ,5,3,4,0,0,305
0,37,1,0,2,4,2,1,1,1,5,4,2,4,3,5,0,0,305
1,50,0,0,2,5,5,2,1,4,5,5, ,5,4,3,94,84,304
1,36,0,0,2,4,4,1,5,1,1,3,4,4,3,1,4,0,304
1,22,0,0,2,3,4,3,1,1,5,4,2,3,2,5,0,0,304
0,60,0,1,2,4,2,1,5,2,2,5,5,5,4,1,6,4,302
0,61,1,0,2,4,5,1,1,1,4,4,3,3,5,5,7,2,302
0,44,1,0,2,4,5,1,5,1,5,5,3,5,3,1,0,0,300
1,63,1,0,2,4,5,4,3,4,4,1, ,1,3,4,12,0,299
0,34,0,0,2,4, ,2,4,1,2,5,3,4,5,2,3,3,296
0,37,0,0,2,4,3,2,2,1,4,4,5,5,5,4,7,3,296
0,38,1,0,4,2,4,2,4,1,2,4,5,3,3,2,0,6,296
1,57,1,0,2,2,4,3,1,2,1,1, ,1,4,4,0,0,296
0,58,1,0,2,4,4,3,3,1,3,3,2,4,3,3,0,0,296
1,29,0,0,5,5,5,3,4,5,2,3,3,4,4,2,0,0,290
0,33,1,0,2,5, ,3,2,1,4,5,5,4,3,4,9,4,290
1,13,0,0,2,3,5,5,4,1,2,2,5,3,4,2,1,3,289
0,45,0,0,2,4, ,3,2,1,1,4,3,4,4,4,0,0,289
0,27,1,0,2,5,3,3,4,1,2,3,2,4,5,2,16,1,288
1,14,0,0,2,5,3,5,5,1,3,3,5,5,5,1,0,0,287
0,12,1,0,2,5,4,3,1,1,2,3,3,5,3,5,0,0,284
0,33,0,0,2,4, ,4,5,1,1,5,4,5,3,1,0,0,283
0,50,1,0,3,4, ,5,2,1,3,4,4,4,3,4,18,10,282
0,47,1,0,2,2,4,3,4,1,1,2,2,2,4,2,0,0,282
1,9,0,0,2,4, ,2,5,1,4,5,2,5,3,1,0,0,282
1,22,1,0,2,5,5,2,4,5,1,4,5,2,4,2,0,0,280
1,61,1,0,2,2,5,3,5,3,4,2, ,2,1,1,0,2,280
0,66,1,0,2,3,5,5,1,1,5,2,4,4,2,5,0,3,277
1,63,0,1,2,2,1,4,5,4,3,1, ,1,3,1,0,0,277
0,9,1,1,2,1,5,2,2,1,4,4,3,3,1,4,0,0,273
0,20,0,0,2,4,3,5,2,1,1,4,3,4,4,4,6,3,272
1,9,0,0,2,1,5,4,1,1,3,4,2,3,2,5,0,3,271
0,24,0,1,2,1, ,3,2,1,4,2,3,3,1,4,5,0,271
1,27,0,0,2,4, ,4,2,1,1,3,2,5,3,4,13,1,270
0,13,0,0,2, ,5,1,5,1,1,3,5,5,5,1,7,5,270
1,43,0,0,2,4,2,3,1,4,4,2, ,2,3,1,1,7,270
1,41,1,1,2,4,4,4,3,1,3,3,2,5,3,3,0,0,270
0,53,1,0,2,4,2,5,1,2,2,4,3,4,3,5,0,0,266
1,18,1,0,5,5,5,1,4,5,2,4,5,5,3,2,0,0,266
1,29,1,0,2,3,1,4,5,1,1,3,4,3,4,1,0,1,266
1,33,1,0,2,5,4,3,4,1,2,3,3,5,4,2,0,0,266
0,9,1,0,2,4,4,3,5,1,1,5,3,2,2,1,0,0,259
0,41,1,0,2,5,5,4,5,1,1,5,2,5,2,1,0,0,259
1,28,0,0,2,2,4,4,2,1,1,3,1,4,3,4,1,0,258
0,52,0,0,3,1,3,3,2,3,1,2,4,4,2,4,0,0,257
1,52,0,0,4,5,4,2,2,4,3,3,2,2,2,4,0,0,257
0,68,0,0,2,4,5,3,1,1,1,5,5,2,3,5,6,18,257
0,35,0,0,2,1,4,1,2,1,4,3,5,2,3,4,0,0,257
1,38,1,0,2,5,2,3,3,1,3,3,1,5,2,3,0,0,257
0,39,0,0,4,5,4,2,5,4,1,4,4,5,5,1,0,0,255
1,60,0,0,2,5,3,2,3,1,2,2, ,2,2,3,0,7,255
0,33,0,0,2,5,5,5,3,1,3,3,4,4,4,3,0,0,255
0,58,1,0,3,4,3,5,4,3,2,1,5,5,1,2,2,53,253
0,19,1,0,5,4,1,5,3,1,4,2,3,2,1,3,0,0,253
0,19,1,0,2,4,4,3,4,1,2,3,1,4,2,2,0,0,253
0,32,0,0,3,4,3,4,1,3,4,5,4,5,3,5,1,11,251
1,30,1,0,2,4,2,3,4,1,2,4,2,5,5,2,0,0,251
1,60,1,0,3,3,3,2,4,3,1,3,3,3,1,2,2,3,250
1,23,0,0,2,5,3,2,4,1,2,2,5,4,4,2,70,72,250
1,22,0,0,2,5,5,3,2,1,1,3,3,4,5,4,6,5,248
1,43,1,0,2,5,3,4,1,4,1,1, ,5,3,3,0,12,247
0,59,1,0,1,3,5,3,3,1,3,3,5,2,4,3,0,0,247
0,8,1,0,2,5,4,2,1,1,3,3,5,4,3,5,0,0,240
0,63,1,0,2,5,2,3,5,1,1,3,1,2,1,1,0,0,240
1,64,0,0,1,5,1,3,3,1,4,4,4,5,4,3,0,0,239
1,21,0,1,2,3,2,3,3,1,3,1,2,4,2,3,6,2,239
1,35,0,0,2,4,4,3,5,1,1,3,5,4,3,1,2,1,239
1,70,1,1,5,4,5,1,1,5,1,3,2,4,5,5,54,46,238
0,46,0,0,2,4,3,5,5,1,1,5,5,5,5,1,0,0,237
0,25,1,0,2,5,2,3,2,1,4,5,2,5,4,4,0,0,237
0,8,0,0,1,5,1,4,5,1,1,5,3,4,4,1,0,0,236
0,45,0,0,2,4,5,5,4,1,5,3,2,4,5,2,2,1,236
1,7,0,0,2,5,4,4,2,1,4,5,4,5,4,4,16,2,236
1,28,1,0,3,4,5,3,3,1,3,3,5,4,2,3,9,1,236
1,7,0,0,3,4,2,4,2,1,4,4,5,3,1,4,0,0,236
1,40,0,0,2,4,5,3,2,1,4,2,3,3,3,4,0,0,236
1,67,0,0,2,4,5,4,2,5,5,1, ,1,5,3,0,0,236
1,53,1,0,1,3,1,4,2,1,2,4,3,4,1,4,0,7,235
0,68,1,0,4,4,4,4,4,4,4,2,4,4,2,2,0,4,235
1,15,1,0,2,3,3,3, ,3,3,3,4,4,3,3,151,214,234
1,13,1,0,2,5,10,4,4,1,3,3,5,3,4,2,0,0,231
0,38,1,0,2,5,3,3,5,1,1,5,3,4,3,1,0,0,231
0,48,1,0,2,5,8,2,2,1,4,4,2,5,4,4,0,12,230
1,10,0,1,1,4,1,1,2,1,3,2,5,5,5,4,1,9,228
1,29,1,1,2,2,3,3,5,1,1,2,1,3,1,1,0,0,228
1,63,1,0,5,2,7,4,4,4,3,4, ,5,4,2,0,0,227
0,25,0,0,2,5,7,3,5,1,3,4,3,5,3,1,15,7,226
0,65,0,0,2,4,10,4,1,1,4,4,4,4,5,5,0,0,226
1,10,0,0,2,4,4,1,1,1,5,3,2,4,4,5,0,0,226
0,35,0,1,2,5,2,2,2,4,4,1, ,1,5,4,0,0,226
0,64,0,0,2,5,4,5,1,1,5,4,5,5,3,5,0,0,226
0,30,1,0,2,4, ,3,5,1,1,3,1,5,5,1,3,4,224
0,28,0,0,1,4,1,3,2,1,4,5,2,4,3,4,0,0,223
0,28,1,1,2,3,4,4,4,1,3,1,1,3,4,2,0,0,222
1,26,1,0,2,2, ,4,1,1,5,2,5,3,4,5,0,0,221
1,23,0,0,2,2,2,1,1,1,5,3,3,5,5,5,0,2,220
1,27,0,0,2,3,3,3,1,1,5,2,2,2,1,5,0,0,220
1,66,1,0,2,3,2,3,4,5,5,5,1,5,5,3,17,15,216
0,8,1,0,2,5,3,3,5,1,1,5,2,4,5,1,0,0,216
0,25,1,0,2,5,3,3,1,1,5,3,2,5,4,5,0,0,216
1,65,1,0,2,1,4,2,4,4,2,3,1,3,5,2,0,0,216
0,10,1,0,2,3,3,3,4,1,3,3,3,4,5,2,0,0,216
0,22,0,0,2,3,2,4,2,1,4,1,2,5,5,4,0,0,214
0,60,0,0,2,4,5,4,5,1,1,3,5,3,4,1,0,0,214
0,20,1,0,2,5,4,1,2,1,4,1,1,3,1,4,0,0,214
1,35,1,0,1,3,4,4,3,1,3,4,3,4,3,3,0,2,213
1,43,0,0,2,4,4,1,2,3,5,1,1,1,1,5,0,0,210
1,49,0,0,1,5,3,5,2,2,1,3,1,3,5,5,0,0,210
0,56,1,0,4,4,4,3,5,4,1,3,4,4,2,1,0,0,209
1,27,1,0,2,5,5,5,2,1,4,5,5,4,2,4,0,0,209
0,64,1,0,1,4, ,2,3,1,3,1,4,5,3,3,0,0,201
0,23,1,0,2,5, ,1,4,1,2,4,1,5,1,2,18,13,196
0,39,1,1,1,5,1,3,4,1,3,3,4,4,4,2,0,0,192
0,10,1,0,2,5,2,2,4,2,3,3,2,4,5,2,3,4,192
1,68,1,0,3,5,5,3,5,1,4,4,3,5,3,1,84,73,192
1,37,1,0,2,4,5,4,3,1,3,5,3,5,4,3,0,0,192
0,44,0,0,1,4,2,3,1,1,3,3,2,4,3,5,0,0,192
0,28,0,0,2,5, ,2,3,1,3,4,3,5,4,3,0,0,192
0,32,0,0,2,5,4,3,4,1,5,4,2,5,3,2,0,0,192
1,69,1,0,3,4,3,4,2,3,4,4,3,5,5,4,0,0,191
0,42,1,0,1,4,4,5,2,4,4,5,4,5,5,4,0,6,191
0,10,1,0,2,1,2,3,5,1,1,3,1,4,1,1,0,0,190
1,54,1,0,2,5,5,1,2,4,5,3,1,5,3,4,0,0,190
1,47,0,0,2,5,3,3,3,4,2,5,1,5,5,5,0,0,190
1,32,0,0,1,5,4,3,5,1,4,4,4,5,3,1,1,0,189
1,18,0,0,2,4,3,1,5,1,1,4,4,5,5,1,0,0,189
0,34,1,0,2,4,3,2,2,1,4,1,3,5,3,4,0,0,188
1,10,0,0,2,3,2,3,4,1,2,4,5,3,1,2,13,7,187
0,69,1,0,2,3, ,3,1,1,3,3,2,3,4,5,0,0,187
1,64,0,0,2,4,3,1,4,5,5,1,1,1,3,4,0,0,187
1,12,0,1,2,4,3,4,2,1,4,1,1,3,1,4,0,0,184
1,40,1,0,1,4,1,2,3,1,3,3,2,4,3,3,0,0,174
0,28,1,0,2,5,2,3,1,1,1,4,4,5,3,5,24,2,173
1,59,1,0,2,4,2,2,4,4,4,5,1,5,3,3,0,0,170
1,68,1,0,2,5,4,1,4,5,4,2,1,1,5,4,11,3,164
0,14,1,1,4,5,4,3,4,4,2,3,3,4,4,2,0,0,163
1,47,1,0,1,1,5,1,1,2,1,5,1,5,2,2,40,48,163
1,69,1,0,2,4,5,3,5,2,3,2,1,2,1,4,2,1,163
0,64,1,0,2,5,2,4,4,1,1,4,3,4,5,2,2,1,160
0,60,1,0,2,4,3,3,4,1,2,3,4,5,4,2,0,5,158
0,35,1,0,5,4,5,1,2,1,4,5,4,5,3,4,0,0,158
1,53,1,0,1,5,4,4,3,4,5,2,1,2,3,5,0,0,158
1,12,1,0,2,5,5,3,4,1,2,3,3,4,3,2,0,0,158
1,32,1,0,1,4,3,4,2,3,3,3,4,5,5,4,0,0,157
1,21,1,0,2,4,10,4,1,1,5,5,2,4,5,5,0,0,157
0,12,1,0,2,5,3,3,5,1,3,5,3,4,5,1,0,0,157
0,23,0,0,2,5,3,2,4,1,2,3,4,4,3,2,1,0,152
1,20,1,0,2,5,8,1,1,1,3,4,3,5,3,5,0,0,152
1,24,1,1,4,5,4,2,4,4,3,4,5,5,5,2,0,0,151
0,45,0,0,2,5,7,2,3,1,3,1,5,2,4,3,0,0,148
0,69,1,0,2,1,4,4,2,1,4,4,4,3,2,4,0,0,147
0,36,1,0,1,5,1,2,5,1,1,4,1,5,4,1,0,0,143
1,11,0,0,2,2,2,4,3,1,3,2,1,3,2,3,0,0,143
1,38,1,0,2,2,7,2,4,1,1,1,1,1,2,2,6,2,140
0,67,1,0,1,2,10,3,1,1,5,4,1,3,3,5,9,1,140
1,56,1,1,2, ,4,3,1,3,5,4,1,1,5,4,0,0,140
0,22,1,0,2,1, ,3,4,1,2,2,4,5,3,2,30,26,135
0,42,1,0,4,1,4,3,2,4,4,4,2,3,3,4,0,0,134
1,17,1,0,2,5,2,1,5,1,1,3,4,5,5,1,0,4,134
0,51,1,0,2,1,3,4,1,1,5,1,5,3,1,5,2,12,134
1,58,0,0,1, , ,3,3,3,3,3,1,1,2,5,47,48,134
1,16,0,0,1,2,4,4,1,1,5,2,1,3,1,5,0,0,134
0,45,0,0,2,5,3,4,2,1,2,2,5,1,4,4,0,1,130
0,41,0,0,1,4,4,4,5,1,1,2,5,3,1,1,0,0,130
1,70,0,1,3,5,3,5,5,1,1,3,5,4,3,1,0,0,130
0,49,1,0,2,2,3,4,4,1,1,1,2,4,2,2,0,0,128
1,12,1,0,2,5,4,3,1,1,5,4,5,3,3,5,4,4,125
0,63,1,0,1,4,2,2,4,1,2,5,5,2,5,2,0,0,125
0,60,1,0,2,1,5,1,5,1,1,3,4,1,4,1,0,0,121
0,61,0,0,1,5,2,3,3,1,1,5,2,3,5,3,0,0,120
1,54,1,0,2,4,4,3,5,3,2,1,1,3,1,3,0,0,119
0,12,1,0,1,3,2,4,2,2,4,4,1,1,1,4,24,9,118
0,52,1,0,2,1, ,3,4,1,2,1,5,2,2,2,0,7,110
0,35,1,0,1,5,5,2,3,1,3,2,3,3,2,3,77,74,110
0,17,1,0,2,2,4,4,4,1,2,4,4,3,1,2,0,0,110
1,66,1,0,2,5,3,1,2,3,4,2,1,2,1,2,0,0,110
1,25,1,0,2,3, ,4,1,1,1,4,2,1,2,5,0,0,109
1,13,1,0,1,5,4,4,1,1,3,5,3,4,5,5,0,0,109
0,48,1,0,2,5, ,2,2,1,4,4,3,5,3,4,0,0,109
1,21,1,0,2,5,2,2,2,1,1,3,4,4,5,4,0,11,106
1,8,1,0,2,4,3,1,5,1,1,4,3,4,3,1,1,2,102
0,46,1,0,2,4,2,3,5,1,1,4,1,4,3,1,2,4,102
1,22,1,0,2,3,5,3,1,1,5,1,3,4,3,5,0,0,102
1,40,1,0,2,4,3,4,5,1,1,4,4,4,5,1,0,0,102
0,8,1,0,2,5,5,5,3,1,1,4,3,1,1,3,0,0,102
1,15,1,1,1,5,5,2,3,1,3,1,5,2,4,3,0,0,102
1,48,1,0,1,4,2,1,1,5,4,4,1,5,3,4,0,1,101
0,62,1,0,2,3, ,2,3,1,3,1,4,4,2,3,0,2,101
0,17,1,1,2,4,3,3,5,1,1,4,4,4,3,1,0,0,101
0,60,1,0,2,4,3,5,4,1,1,4,2,4,5,2,0,0,101
1,53,1,0,1,5,4,4,4,4,4,3,1,3,4,4,0,0,101
0,9,1,0,2,1,3,4,3,1,4,3,2,3,1,3,591,12,100
0,33,1,0,4,3,4,3,5,4,1,2,3,3,1,1,5,8,89
0,53,1,0,2,5,1,3,1,1,5,5,2,3,5,5,0,6,89
1,39,1,0,2,5,2,1,4,1,2,3,3,5,4,2,0,0,86
0,60,1,0,2,1,2,3,3,1,1,4,1,3,2,3,0,0,84
1,27,1,0,1,4,4,5,4,1,2,4,4,5,5,2,0,0,74
